Date,Predicted_Open,Actual_Open,Error_Open,Predicted_High,Actual_High,Error_High,Predicted_Low,Actual_Low,Error_Low,Predicted_Close,Actual_Close,Error_Close
,294.56473,295.92996,1.3652344,295.38794,296.67,1.282074,293.8732,295.57,1.6968079,294.85257,295.95,1.0974426
,296.19482,297.1,0.9051819,296.89944,299.70004,2.8005981,295.62796,296.97,1.342041,296.468,298.88,2.4120178
,297.7363,298.37,0.6336975,298.46533,299.16,0.69467163,297.15625,297.92,0.7637634,298.02432,298.4,0.3756714
,298.37933,299.68,1.3006592,299.11453,300.24,1.1254578,297.79,298.52002,0.730011,298.6716,299.28,0.60839844
,299.16537,298.69,0.4753723,299.89178,299.4,0.49179077,298.57852,297.03,1.548523,299.45435,297.97,1.4843445
,298.39957,299.42,1.0204468,299.17493,300.21,1.0350647,297.76538,298.94,1.1746216,298.69913,299.99,1.290863
,299.36273,300.58,1.2172546,300.07156,300.9,0.8284302,298.7837,298.91,0.12631226,299.64407,299.01,0.6340637
,299.58377,298.73,0.85375977,300.32425,299.94,0.38424683,298.98392,298.5,0.48391724,299.87625,299.88,0.003753662
,299.5987,300.91,1.3113098,300.31064,301.07,0.7593689,299.0221,299.46,0.43789673,299.88593,300.37,0.48406982
,300.16125,299.74,0.42126465,300.87564,302.2,1.3243713,299.58023,299.68,0.09976196,300.44812,301.60004,1.1519165
,300.49292,302.94,2.4470825,301.22302,303.85,2.6269836,299.88928,302.91,3.0207214,300.77817,303.29996,2.5217896
