Date,Actual_Open,Predicted_Open,Error_Open,Actual_High,Predicted_High,Error_High,Actual_Low,Predicted_Low,Error_Low,Actual_Close,Predicted_Close,Error_Close,Actual_Volume,Predicted_Volume,Error_Volume
2019-10-14,297.10004,288.71005,8.389984,299.7,289.9093,9.79071,296.97,287.37204,9.597961,298.88,288.70926,10.170746,4.6754504e+07,8.079501e+07,3.4040504e+07
2019-10-15,298.37003,289.78406,8.585968,299.16,290.98257,8.177429,297.92,288.44592,9.474091,298.4,289.78287,8.617126,4.89282e+07,7.930945e+07,3.0381248e+07
2019-10-16,299.68002,291.29086,8.38916,300.24,292.4794,7.7605896,298.52,289.96347,8.556519,299.28,291.28836,7.991638,4.57366e+07,7.342359e+07,2.7686992e+07
2019-10-17,298.69003,293.17563,5.5144043,299.4,294.3569,5.043091,297.03,291.8571,5.1729126,297.97,293.17227,4.7977295,6.4304e+07,6.9404024e+07,5.100024e+06
2019-10-18,299.42,293.971,5.449005,300.20996,295.15018,5.059784,298.94,292.65604,6.283966,299.99,293.96835,6.021637,3.90486e+07,6.702209e+07,2.7973488e+07
2019-10-21,300.58002,294.73907,5.8409424,300.9,295.92175,4.978241,298.91,293.42062,5.48938,299.01,294.73737,4.272644,4.85947e+07,6.75897e+07,1.8994996e+07
2019-10-22,298.73004,295.2124,3.5176392,299.94,296.39542,3.5445862,298.5,293.8928,4.6072083,299.88,295.2108,4.66922,3.43522e+07,6.6893004e+07,3.2540804e+07
2019-10-23,300.91,296.1275,4.782501,301.06998,297.30865,3.761322,299.46,294.81058,4.649414,300.36996,296.12677,4.2431946,3.54531e+07,6.3986708e+07,2.8533608e+07
2019-10-24,299.74,296.49988,3.2401123,302.2,297.6806,4.519409,299.68,295.18286,4.4971313,301.6,296.49887,5.1011353,4.52054e+07,6.2479796e+07,1.7274396e+07
2019-10-25,302.94003,296.93143,6.008606,303.84998,298.11105,5.738922,302.91,295.6162,7.2937927,303.3,296.9318,6.3681946,4.2147e+07,6.0128172e+07,1.7981172e+07
2019-10-28,303.0,296.9764,6.02359,304.22998,298.1589,6.0710754,302.86,295.65738,7.202606,303.21,296.97653,6.2334595,4.42849e+07,6.0843536e+07,1.6558636e+07
